question,answer
What is UMIT and where is it located?,"UMIT is managed by SNDT Women's University and is located in Santacruz (West), Mumbai, Maharashtra. It is a non-minority college with WiFi-enabled campus and a well-equipped library."
What B.Tech programs are offered at UMIT?,"UMIT offers six B.Tech programs: Computer Science and Technology, Information Technology, Electronics and Communication, Artificial Intelligence, Data Science, and Computer Engineering."
Does UMIT offer M.Tech programs?,"Yes, UMIT offers M.Tech programs in Computer Science and Electronics and Communication."
What is the DTE code for UMIT?,The DTE code for UMIT is 3035.
How is the placement record at UMIT?,"UMIT has a strong placement record with 80% of students placed annually in companies like Microsoft, Infosys, Deloitte, and Capgemini."
Are there any scholarships available at UMIT?,"Yes, scholarships and fee concessions are available for CAP-admitted students based on their category or caste."
How can I reach UMIT from Santacruz station?,"UMIT is located 1.5 km from Santacruz Station and is easily accessible by buses, shared autos, and taxis."
What documents are required for admission to UMIT?,"Documents include FC Acknowledgement, CAP Allotment Letter, Seat Acceptance Letter, MH-CET/JEE Score Card, SSC & HSC Marksheets, Leaving Certificate, Domicile Certificate, Caste Certificate (if applicable), and other relevant documents."
What are the class and office timings at UMIT?,Classes at UMIT start at 8:30 AM and administrative offices operate from 9:00 AM to 5:00 PM.
What extracurricular activities are supported at UMIT?,UMIT supports various extracurricular activities including sports and cultural events to enhance student development.
Does UMIT have any reservation policies?,"Yes, reservation is applicable for CAP rounds only as per government rules. Institute quota seats are open to all based on merit."
Can students change their branch after the first year at UMIT?,"Yes, branch changes are allowed in the second year based on first-year merit and availability of seats."
Is hostel accommodation available at UMIT?,"Yes, but hostel accommodation is limited and is allotted strictly on a merit basis."
How is the admission process conducted at UMIT?,"Admissions at UMIT are conducted through the Centralized Admission Process (CAP) managed by the Directorate of Technical Education (DTE), and the process is completed online."
What is the DTE Code of UMIT?,The DTE code is 3035.
Is UMIT a minority institution?,"No, UMIT is a non-minority institution."
Which university is UMIT affiliated with?,"UMIT is affiliated with SNDT Women’s University, Mumbai."
What degree does UMIT offer?,UMIT offers B.Tech and M.Tech degrees.
Which B.Tech programs are available at UMIT?,"UMIT offers B.Tech in Computer Science & Technology, Information Technology, Electronics & Communication, Computer Engineering, and Data Science."
Which M.Tech programs are offered at UMIT?,M.Tech is offered in Computer Science & Technology and Electronics & Communication.
What is CAP?,"CAP stands for Centralized Admission Process conducted by the Directorate of Technical Education (DTE), Government of Maharashtra."
Are reservations available at UMIT?,"Yes, reservations apply during CAP rounds as per government rules. Institute quota seats are filled strictly by merit."
Is there any NRI or management quota?,"No, UMIT does not have an NRI or management quota."
Can students change their branch after the first year?,"Yes, branch changes may be allowed in the second year based on merit and seat availability."
Are there any quotas for children of defense personnel?,"Yes, but only within CAP rounds, as per DTE rules."
Is hostel accommodation available?,"Yes, but it is limited and allocated strictly on a merit basis."
Are nearby accommodations available?,"Yes, private apartments and guest houses are available. The institute may help if needed."
What are the class and office timings?,Classes start at 8:30 AM. The administrative offices function from 9:00 AM to 5:00 PM.
Is internet facility available on campus?,"Yes, UMIT is WiFi-enabled and internet is available on all systems."
How do I reach UMIT from Santacruz Station?,"UMIT is 1.5 km from Santacruz Station. Buses, shared autos, and taxis are available."
What is the average placement rate?,UMIT has an average placement rate of 80%.
Which companies recruit from UMIT?,"Recruiters include Accenture, Barclays, Colgate, Capgemini, Infosys, Microsoft, Deloitte, Oracle, Qunnox, Northgate, Xoriant, Persistent, Target, Ericsson, Mu Sigma, and others."
Is the placement policy the same across branches?,"Yes, most companies allow all branches to apply, with some exceptions depending on job profiles."
What is the admission process?,Admissions are through CAP conducted by DTE. Institute quota seats are based on merit.
Is candidate’s presence mandatory during admission?,Yes.
Can agents assist with admission?,No. UMIT does not authorize any agents for admission.
What documents are required for admission?,"Documents include CAP Allotment Letter, Seat Acceptance Letter, FC Acknowledgement, SSC and HSC Marksheets, Diploma Marksheets, Leaving Certificate, Domicile Certificate, Birth Certificate, Migration Certificate (if applicable), Caste Certificate, Caste Validity, Non-Creamy Layer Certificate, Income Certificate, Ration Card, GAP Certificate (if any), Aadhar Card, and 2 Passport Photos."
Are soft copies of documents required?,"Yes, a soft copy of all documents, scanned photo and signature must be submitted via email or pen drive."
Are scholarships available?,"Yes, fee concessions and scholarships are available based on category and only for CAP-admitted students."
Can I get an education loan?,"Yes, many banks offer loans. Canara Bank is located on campus."
What is the eligibility for B.Tech admissions?,Refer to DTE website [www.mahacet.org](http://www.mahacet.org) and UMIT site [http://umit.ac.in](http://umit.ac.in).
How are the faculty at UMIT?,Faculty are well-qualified and dedicated. Many are Ph.D. holders or pursuing Ph.D.
Is English the medium of instruction?,Yes.
Does UMIT follow a semester or annual system?,Semester system.
Are elective subjects offered?,Yes.
What extracurriculars are supported?,"Sports, cultural activities, and various student development programs are supported."
Where can I find cut-off merit scores?,Check the official UMIT website regularly.
What if I apply late or miss CAP?,You will not get admission once the CAP rounds are over. Always stay updated via DTE and UMIT websites.
How will I know about institute quota admissions?,Check the UMIT website for notifications.
Who should I contact for admission-related updates?,"Refer to the UMIT website regularly for updates on fees, deadlines, and documents."
What are the fees for the B.Tech program?,Refer to the UMIT website for latest fee structure.
What if I get low marks,"should I still apply?,""Yes, you should apply and wait till final CAP rounds as seats may become available later."
